<?xml version="1.0" encoding="UTF-8"?>
<style-scheme version="1.0" name="Sublime Text 2 bold">
  <!--
  Based on the Sublime Text2 theme for liteide
  Improvements are welcome
  Public Domain, Henson Lu, 2012
  -->
  <style name="Text" foreground="#ffffff" background="#272822"/>
  <style name="Extra" foreground="#90908A" background="#272822"/>
  <style name="Selection" background="#775511"/>
  <style name="CurrentLine" background="#333333"/>
  <style name="IndentLine" foreground="#008B8B"/>
  <style name="VisualWhitespace" foreground="#c0c0c0"/>
  <style name="Keyword" foreground="#f92672" bold="true"/>
  <style name="DataType" foreground="#64b72d" /> 
  <style name="Decimal" foreground="#e6db74" bold="true"/>
  <style name="BaseN" foreground="#e6db74" bold="true"/>
  <style name="Float" foreground="#e6db74" bold="true"/>
  <style name="Char" foreground="#e2a32e" bold="true"/>
  <style name="String" foreground="#a3e22e" bold="true"/>
  <style name="Comment" foreground="#729fcf"/>
  <style name="Alert" foreground="#ff0000"/>
  <style name="Error" foreground="#ff0000"/>
  <style name="Function" foreground="#4cb8e3"/>
  <style name="RegionMarker" foreground="#ffffff"/>
  <style name="Symbol" foreground="#ffffff"/>     
  <style name="BuiltinFunc" foreground="#4cb8e3" bold="true"/>
  <style name="Predeclared" foreground="#4cb8e3"/>
  <style name="FuncDecl" foreground="#4cb8e3"/>
  <style name="Placeholder" foreground="#e274e2"/>
  <style name="ToDo" foreground="#7272ff" bold="true"/>
</style-scheme>
